ticker,date,entry_time,exit_time,entry_clock,entry_price,exit_price,result,return,volume_ratio
AAPL,2026-04-07,2026-04-07 13:35:00+00:00,2026-04-07 14:55:00+00:00,13:35,251.35000610351562,246.1898956298828,LOSS,-0.02052958165239781,1.4575613083703962
BLLN,2026-04-02,2026-04-02 13:45:00+00:00,2026-04-02 14:25:00+00:00,13:45,77.9749984741211,79.93000030517578,WIN,0.02507216247915064,1.400769767048525
BLLN,2026-04-20,2026-04-20 13:45:00+00:00,2026-04-20 13:50:00+00:00,13:45,79.375,81.55500030517578,WIN,0.02746457077386811,2.847374912854615
BLLN,2026-05-04,2026-05-04 13:45:00+00:00,2026-05-04 15:55:00+00:00,13:45,75.0000991821289,73.48500061035156,LOSS,-0.020201287575608472,1.4366262257075795
BLLN,2026-05-06,2026-05-06 13:45:00+00:00,2026-05-06 14:45:00+00:00,13:45,75.44499969482422,77.0,WIN,0.020611045284190777,1.4247868289805332
BLMN,2026-02-25,2026-02-25 14:35:00+00:00,2026-02-25 14:40:00+00:00,14:35,5.989999771118164,5.835000038146973,LOSS,-0.02587641717760155,1.524181976050172
BLMN,2026-03-02,2026-03-02 14:35:00+00:00,2026-03-02 14:45:00+00:00,14:35,5.869999885559082,6.0,WIN,0.022146527593762677,1.9726415928024272
BLMN,2026-03-03,2026-03-03 14:35:00+00:00,2026-03-03 16:10:00+00:00,14:35,5.929999828338623,6.070000171661377,WIN,0.023608827550670786,2.127416339017572
BLMN,2026-03-09,2026-03-09 13:35:00+00:00,2026-03-09 14:00:00+00:00,13:35,5.630000114440918,5.46999979019165,LOSS,-0.028419239963933154,2.181921920055347
BLMN,2026-03-18,2026-03-18 13:35:00+00:00,2026-03-18 13:45:00+00:00,13:35,5.530099868774414,5.679999828338623,WIN,0.027106193942466713,1.2314373660585194
BLMN,2026-03-25,2026-03-25 14:25:00+00:00,2026-03-25 18:20:00+00:00,14:25,5.554999828338623,5.669300079345703,WIN,0.02057610342739916,1.4719286987897309
BLMN,2026-04-08,2026-04-08 14:25:00+00:00,2026-04-08 16:25:00+00:00,14:25,5.764999866485596,5.894999980926514,WIN,0.022549890277823614,1.3912966868816503
BLMN,2026-04-13,2026-04-13 14:35:00+00:00,2026-04-13 16:05:00+00:00,14:35,5.4899001121521,5.625,WIN,0.024608806187356985,2.487926195141863
BLMN,2026-04-16,2026-04-16 14:35:00+00:00,2026-04-16 15:15:00+00:00,14:35,6.420000076293945,6.554999828338623,WIN,0.021027998510960867,2.448285681021508
BLMN,2026-04-27,2026-04-27 14:25:00+00:00,2026-04-27 15:20:00+00:00,14:25,5.795000076293945,5.954999923706055,WIN,0.02760998193367298,1.5265643820053334
BLMN,2026-04-28,2026-04-28 14:25:00+00:00,2026-04-28 15:50:00+00:00,14:25,6.025000095367432,6.15500020980835,WIN,0.02157678213828974,2.771626788973454
BLMN,2026-05-07,2026-05-07 13:35:00+00:00,2026-05-07 13:45:00+00:00,13:35,7.889999866485596,8.09000015258789,WIN,0.025348579149137563,2.3637310117260446
DXYZ,2026-03-25,2026-03-25 13:40:00+00:00,2026-03-25 13:45:00+00:00,13:40,31.389999389648438,30.690000534057617,LOSS,-0.02230005954768068,5.87656796613773
DXYZ,2026-03-26,2026-03-26 13:40:00+00:00,2026-03-26 13:50:00+00:00,13:40,31.770000457763672,33.0,WIN,0.03871575462743664,3.0121185179458436
DXYZ,2026-03-27,2026-03-27 13:40:00+00:00,2026-03-27 15:15:00+00:00,13:40,27.93000030517578,28.540000915527344,WIN,0.02184033668766275,2.2096725874098846
DXYZ,2026-04-02,2026-04-02 13:40:00+00:00,2026-04-02 14:00:00+00:00,13:40,27.219999313354492,27.774999618530273,WIN,0.020389431270245874,1.764273565395543
DXYZ,2026-04-14,2026-04-14 13:40:00+00:00,2026-04-14 17:10:00+00:00,13:40,29.440000534057617,30.149999618530273,WIN,0.024116816290519254,1.2442354896693018
DXYZ,2026-05-05,2026-05-05 13:40:00+00:00,2026-05-05 13:55:00+00:00,13:40,38.900001525878906,37.68000030517578,LOSS,-0.03136249801665169,2.1368165213861885
DXYZ,2026-05-11,2026-05-11 13:40:00+00:00,2026-05-11 13:45:00+00:00,13:40,60.45399856567383,65.3499984741211,WIN,0.08098719728403947,4.235610467925549
EOSE,2026-04-10,2026-04-10 13:35:00+00:00,2026-04-10 13:50:00+00:00,13:35,6.098899841308594,6.224999904632568,WIN,0.02067587050206719,2.6121298675346747
EOSE,2026-04-16,2026-04-16 13:35:00+00:00,2026-04-16 14:25:00+00:00,13:35,7.005000114440918,7.159999847412109,WIN,0.022127013624404803,1.9659509756381501
EOSE,2026-04-29,2026-04-29 13:35:00+00:00,2026-04-29 13:45:00+00:00,13:35,6.565000057220459,6.400199890136719,LOSS,-0.025102843205992997,1.3896071872820088
EVC,2026-03-05,2026-03-05 15:30:00+00:00,2026-03-05 18:25:00+00:00,15:30,3.0450000762939453,2.98009991645813,LOSS,-0.021313680857047827,1.2353111673963328
EVC,2026-03-06,2026-03-06 14:35:00+00:00,2026-03-06 14:40:00+00:00,14:35,3.499000072479248,3.4200000762939453,LOSS,-0.02257787783620324,8.033474836178573
EVC,2026-03-09,2026-03-09 13:50:00+00:00,2026-03-09 19:10:00+00:00,13:50,3.180000066757202,3.1050000190734863,LOSS,-0.023584920160142308,1.593167063188032
EVC,2026-03-10,2026-03-10 14:10:00+00:00,2026-03-10 14:30:00+00:00,14:10,3.059999942779541,3.125,WIN,0.02124184916206776,1.4330469703711308
EVC,2026-04-09,2026-04-09 15:40:00+00:00,2026-04-09 19:55:00+00:00,15:40,3.125,3.2100000381469727,WIN,0.02720001220703125,1.4301345148709241
EVC,2026-05-07,2026-05-07 13:35:00+00:00,2026-05-07 14:20:00+00:00,13:35,7.340000152587891,7.554999828338623,WIN,0.02929150834893773,5.020821898223909
EVC,2026-05-08,2026-05-08 13:40:00+00:00,2026-05-08 13:45:00+00:00,13:40,6.553199768066406,6.2779998779296875,LOSS,-0.041994735377633624,3.0546365528998414
FLNC,2026-02-23,2026-02-23 15:15:00+00:00,2026-02-23 15:50:00+00:00,15:15,15.974200248718262,15.630000114440918,LOSS,-0.021547253002851374,4.18811831758751
FLNC,2026-02-26,2026-02-26 15:15:00+00:00,2026-02-26 15:50:00+00:00,15:15,15.640000343322754,15.984999656677246,WIN,0.022058779142021187,7.794380085973017
FLNC,2026-03-03,2026-03-03 15:15:00+00:00,2026-03-03 16:00:00+00:00,15:15,14.015000343322754,14.425000190734863,WIN,0.02925435871340866,2.02719870883999
FLNC,2026-03-12,2026-03-12 15:15:00+00:00,2026-03-12 15:35:00+00:00,15:15,16.530000686645508,16.90999984741211,WIN,0.022988454021880392,1.747045003572895
FLNC,2026-04-28,2026-04-28 15:15:00+00:00,2026-04-28 19:25:00+00:00,15:15,12.114999771118164,12.359999656677246,WIN,0.020222855153753713,2.7377688892134344
FLNC,2026-05-07,2026-05-07 15:15:00+00:00,2026-05-07 15:20:00+00:00,15:15,17.635000228881836,17.280000686645508,LOSS,-0.020130396236396148,6.314687466702035
GSIT,2026-03-18,2026-03-18 13:35:00+00:00,2026-03-18 13:45:00+00:00,13:35,6.962900161743164,7.199999809265137,WIN,0.03405185224752881,3.3309009554844153
GSIT,2026-03-20,2026-03-20 13:40:00+00:00,2026-03-20 14:30:00+00:00,13:40,6.019999980926514,6.164999961853027,WIN,0.024086375645502464,1.276180537541361
GSIT,2026-03-30,2026-03-30 13:35:00+00:00,2026-03-30 13:45:00+00:00,13:35,5.0,4.885000228881836,LOSS,-0.022999954223632813,1.5505436518008466
GSIT,2026-04-17,2026-04-17 13:45:00+00:00,2026-04-17 14:25:00+00:00,13:45,6.445000171661377,6.619999885559082,WIN,0.02715278653787748,1.7978873846065495
GSIT,2026-04-27,2026-04-27 13:45:00+00:00,2026-04-27 13:50:00+00:00,13:45,7.300000190734863,7.480000019073486,WIN,0.024657510087065238,1.519338721950239
GSIT,2026-05-04,2026-05-04 13:40:00+00:00,2026-05-04 15:05:00+00:00,13:40,7.925000190734863,8.154999732971191,WIN,0.02902202355846264,2.18380880905658
GSIT,2026-05-05,2026-05-05 13:45:00+00:00,2026-05-05 15:20:00+00:00,13:45,7.629899978637695,7.809999942779541,WIN,0.023604498701960994,2.6051067434281365
GSIT,2026-05-07,2026-05-07 13:45:00+00:00,2026-05-07 16:15:00+00:00,13:45,8.260000228881836,8.079999923706055,LOSS,-0.021791803896856317,1.220665297977115
GSIT,2026-05-08,2026-05-08 13:35:00+00:00,2026-05-08 13:55:00+00:00,13:35,7.605000019073486,7.90500020980835,WIN,0.03944775673668074,1.8002222913613402
HIMX,2026-03-05,2026-03-05 18:35:00+00:00,2026-03-05 20:55:00+00:00,18:35,7.510000228881836,7.679999828338623,WIN,0.022636430662545847,1.5551606090305483
HIMX,2026-03-12,2026-03-12 13:35:00+00:00,2026-03-12 13:40:00+00:00,13:35,11.470000267028809,11.90999984741211,WIN,0.038360904109837335,6.045047793014151
HIMX,2026-03-13,2026-03-13 15:30:00+00:00,2026-03-13 15:40:00+00:00,15:30,10.34000015258789,10.130000114440918,LOSS,-0.020309481145840597,5.782236164395881
HIMX,2026-03-16,2026-03-16 13:35:00+00:00,2026-03-16 13:45:00+00:00,13:35,9.609999656677246,9.289999961853027,LOSS,-0.033298616676003284,2.017130234870169
HIMX,2026-03-17,2026-03-17 15:50:00+00:00,2026-03-17 19:20:00+00:00,15:50,9.225000381469727,9.03499984741211,LOSS,-0.020596263002793103,5.96716329678653
HIMX,2026-03-20,2026-03-20 13:40:00+00:00,2026-03-20 14:10:00+00:00,13:40,8.914199829101562,8.680000305175781,LOSS,-0.02627263561685105,1.8345923785632297
HIMX,2026-03-26,2026-03-26 16:40:00+00:00,2026-03-26 17:50:00+00:00,16:40,8.710000038146973,8.520000457763672,LOSS,-0.021813958616666396,1.3677612962529062
HIMX,2026-03-30,2026-03-30 13:45:00+00:00,2026-03-30 14:20:00+00:00,13:45,7.8094000816345215,7.630000114440918,LOSS,-0.022972310973732923,1.2272761862268997
HIMX,2026-03-31,2026-03-31 14:50:00+00:00,2026-03-31 16:40:00+00:00,14:50,7.53000020980835,7.800000190734863,WIN,0.03585657017310835,1.8107031995524794
HIMX,2026-04-07,2026-04-07 15:05:00+00:00,2026-04-07 16:00:00+00:00,15:05,8.390000343322754,8.619999885559082,WIN,0.027413531921887824,3.544594648942547
HIMX,2026-04-27,2026-04-27 13:40:00+00:00,2026-04-27 14:35:00+00:00,13:40,11.609999656677246,11.364500045776367,LOSS,-0.021145531279984576,1.2904013132118546
HIMX,2026-05-06,2026-05-06 14:20:00+00:00,2026-05-06 15:05:00+00:00,14:20,11.979999542236328,12.220000267028809,WIN,0.020033450247334408,1.2076205759410603
HIMX,2026-05-08,2026-05-08 15:35:00+00:00,2026-05-08 17:30:00+00:00,15:35,17.149999618530273,17.530000686645508,WIN,0.022157497175956196,7.851929757949691
INOD,2026-02-17,2026-02-17 14:40:00+00:00,2026-02-17 14:50:00+00:00,14:40,42.459999084472656,41.583900451660156,LOSS,-0.020633505692487956,1.270383555351401
INOD,2026-02-26,2026-02-26 15:15:00+00:00,2026-02-26 19:10:00+00:00,15:15,46.255001068115234,47.415000915527344,WIN,0.025078366028008316,1.3556015795844958
INOD,2026-03-03,2026-03-03 15:00:00+00:00,2026-03-03 17:20:00+00:00,15:00,42.43000030517578,43.39500045776367,WIN,0.022743345407663738,1.449504626441288
INOD,2026-03-05,2026-03-05 17:40:00+00:00,2026-03-05 19:20:00+00:00,17:40,42.9900016784668,43.900001525878906,WIN,0.021167709045890035,2.704660707206578
INOD,2026-03-10,2026-03-10 15:30:00+00:00,2026-03-10 19:00:00+00:00,15:30,44.689998626708984,43.66999816894531,LOSS,-0.022823908908201854,2.1065609243063173
INOD,2026-03-24,2026-03-24 17:50:00+00:00,2026-03-24 19:05:00+00:00,17:50,43.630001068115234,44.55500030517578,WIN,0.02120099047479821,1.5769551421638772
INOD,2026-03-26,2026-03-26 16:15:00+00:00,2026-03-26 19:45:00+00:00,16:15,41.90999984741211,41.064998626708984,LOSS,-0.02016228164589943,2.8340099458472165
INOD,2026-03-27,2026-03-27 13:55:00+00:00,2026-03-27 14:20:00+00:00,13:55,39.460899353027344,38.5,LOSS,-0.024350670379579827,1.2220887794700395
INOD,2026-03-30,2026-03-30 14:00:00+00:00,2026-03-30 17:45:00+00:00,14:00,35.31999969482422,34.5099983215332,LOSS,-0.02293322141250508,2.6958741597454434
INOD,2026-04-10,2026-04-10 13:50:00+00:00,2026-04-10 14:35:00+00:00,13:50,35.04999923706055,35.78499984741211,WIN,0.02097006066620397,1.7162105136243069
INOD,2026-04-16,2026-04-16 16:20:00+00:00,2026-04-16 19:10:00+00:00,16:20,44.40999984741211,43.16999816894531,LOSS,-0.027921677161164303,1.5687252289455778
INOD,2026-04-23,2026-04-23 16:30:00+00:00,2026-04-23 17:20:00+00:00,16:30,44.189998626708984,43.29999923706055,LOSS,-0.020140290049941546,2.5958379688167863
INOD,2026-05-05,2026-05-05 14:00:00+00:00,2026-05-05 14:30:00+00:00,14:00,45.81999969482422,46.85929870605469,WIN,0.02268221340359081,1.4048356401027995
INOD,2026-05-07,2026-05-07 16:00:00+00:00,2026-05-07 19:55:00+00:00,16:00,46.72999954223633,45.595001220703125,LOSS,-0.024288429973284058,1.7333741856414888
INTC,2026-02-19,2026-02-19 14:40:00+00:00,2026-02-19 15:35:00+00:00,14:40,44.089900970458984,45.04499816894531,WIN,0.02166249362016622,1.2204358689515848
INTC,2026-03-03,2026-03-03 14:40:00+00:00,2026-03-03 16:10:00+00:00,14:40,42.48500061035156,43.3650016784668,WIN,0.020713217735033297,1.7969084835860285
INTC,2026-04-30,2026-04-30 14:40:00+00:00,2026-04-30 15:30:00+00:00,14:40,92.76000213623047,94.62999725341797,WIN,0.020159498427362713,1.4302309093614658
INTC,2026-05-06,2026-05-06 14:40:00+00:00,2026-05-06 15:15:00+00:00,14:40,109.2699966430664,111.81320190429688,WIN,0.023274506629097115,1.281440067409843
NDAQ,2026-03-11,2026-03-11 14:00:00+00:00,2026-03-11 14:55:00+00:00,14:00,86.3550033569336,84.58000183105469,LOSS,-0.020554703918454407,1.4393581533694537
NDAQ,2026-04-09,2026-04-09 14:00:00+00:00,2026-04-09 17:30:00+00:00,14:00,86.28500366210938,84.4000015258789,LOSS,-0.021846231166798177,1.7732261642012364
NDAQ,2026-05-05,2026-05-05 13:35:00+00:00,2026-05-05 15:00:00+00:00,13:35,88.16500091552734,90.04000091552734,WIN,0.021266942443481342,4.583030325402831
NFLX,2026-02-27,2026-02-27 14:35:00+00:00,2026-02-27 17:10:00+00:00,14:35,91.73999786376953,93.57990264892578,WIN,0.020055644517110626,7.329753609934876
NFLX,2026-03-19,2026-03-19 14:10:00+00:00,2026-03-19 17:05:00+00:00,14:10,93.05000305175781,91.03810119628906,LOSS,-0.02162172799016091,5.682506462906485
NFLX,2026-04-20,2026-04-20 13:45:00+00:00,2026-04-20 15:20:00+00:00,13:45,95.92120361328125,93.88500213623047,LOSS,-0.021227855785254646,2.475890552957748
NFLX,2026-05-05,2026-05-05 13:35:00+00:00,2026-05-05 15:30:00+00:00,13:35,89.93000030517578,88.0999984741211,LOSS,-0.020349180749967867,1.3981789802460358
POET,2026-03-05,2026-03-05 18:25:00+00:00,2026-03-05 20:35:00+00:00,18:25,6.474999904632568,6.605000019073486,WIN,0.020077238047201944,1.207709758178436
POET,2026-03-16,2026-03-16 18:25:00+00:00,2026-03-16 19:30:00+00:00,18:25,7.010000228881836,6.864999771118164,LOSS,-0.020684800717446036,1.6025449306983313
POET,2026-03-30,2026-03-30 18:25:00+00:00,2026-03-30 19:40:00+00:00,18:25,4.925000190734863,5.045000076293945,WIN,0.02436545805314512,1.4517008629491321
POET,2026-04-29,2026-04-29 18:25:00+00:00,2026-04-29 19:45:00+00:00,18:25,6.445000171661377,6.574999809265137,WIN,0.02017061817552268,3.288639980978755
PS,2026-04-29,2026-04-29 18:00:00+00:00,2026-04-29 18:15:00+00:00,18:00,23.200000762939453,23.75,WIN,0.02370686288679508,5.775322996934834
PS,2026-05-04,2026-05-04 13:35:00+00:00,2026-05-04 13:40:00+00:00,13:35,36.720001220703125,35.58000183105469,LOSS,-0.031045733980141967,1.6045137023105858
PS,2026-05-05,2026-05-05 14:45:00+00:00,2026-05-05 15:05:00+00:00,14:45,32.64670181274414,33.58000183105469,WIN,0.028587880750214678,1.2239577945588083
PS,2026-05-06,2026-05-06 13:35:00+00:00,2026-05-06 13:40:00+00:00,13:35,31.829999923706055,30.965900421142578,LOSS,-0.027147329708911514,1.6275988922415574
RDW,2026-03-27,2026-03-27 13:50:00+00:00,2026-03-27 14:15:00+00:00,13:50,8.440099716186523,8.619999885559082,WIN,0.021314934114764535,1.5720239662333522
RDW,2026-03-30,2026-03-30 14:05:00+00:00,2026-03-30 15:00:00+00:00,14:05,7.900000095367432,8.104999542236328,WIN,0.025949296758756797,1.7652080950057825
RDW,2026-04-14,2026-04-14 14:05:00+00:00,2026-04-14 18:05:00+00:00,14:05,9.752400398254395,9.529999732971191,LOSS,-0.022804710245798682,1.2224607730290291
RDW,2026-04-16,2026-04-16 13:50:00+00:00,2026-04-16 15:10:00+00:00,13:50,9.96500015258789,10.194999694824219,WIN,0.023080736449020294,1.227983475495691
RDW,2026-04-23,2026-04-23 14:05:00+00:00,2026-04-23 15:40:00+00:00,14:05,10.854999542236328,10.585000038146973,LOSS,-0.02487328562648015,1.2505347984392767
RDW,2026-04-27,2026-04-27 14:05:00+00:00,2026-04-27 15:20:00+00:00,14:05,9.244999885559082,9.045000076293945,LOSS,-0.02163329494222508,1.3306698376268082
RDW,2026-04-29,2026-04-29 14:05:00+00:00,2026-04-29 14:40:00+00:00,14:05,8.494999885559082,8.694999694824219,WIN,0.023543238606173814,2.529333977438759
RDW,2026-05-05,2026-05-05 13:50:00+00:00,2026-05-05 19:55:00+00:00,13:50,8.484999656677246,8.675000190734863,WIN,0.022392521124982818,1.9687316029717188
RKLB,2026-03-04,2026-03-04 14:45:00+00:00,2026-03-04 15:05:00+00:00,14:45,69.875,72.37999725341797,WIN,0.03584969235660778,1.379014501593086
RKLB,2026-03-12,2026-03-12 14:45:00+00:00,2026-03-12 16:35:00+00:00,14:45,69.04499816894531,70.70999908447266,WIN,0.024114721698641726,1.3839878182693468
RKLB,2026-03-26,2026-03-26 14:45:00+00:00,2026-03-26 17:50:00+00:00,14:45,68.4000015258789,66.7300033569336,LOSS,-0.024415177363899244,2.1655352049538865
TSLA,2026-03-09,2026-03-09 14:10:00+00:00,2026-03-09 18:15:00+00:00,14:10,383.260009765625,391.4599914550781,WIN,0.021395349059422246,1.3207017001939465
TSLA,2026-04-09,2026-04-09 14:10:00+00:00,2026-04-09 16:00:00+00:00,14:10,339.4866943359375,347.510009765625,WIN,0.02363366683746393,1.2859913695982592
TSLA,2026-04-23,2026-04-23 14:10:00+00:00,2026-04-23 15:40:00+00:00,14:10,370.7900085449219,378.3900146484375,WIN,0.020496793139977154,1.8697213814716462
WOLF,2026-02-23,2026-02-23 20:25:00+00:00,2026-02-23 20:50:00+00:00,20:25,18.104999542236328,18.5049991607666,WIN,0.022093323868754185,1.5499308129988951
WOLF,2026-02-25,2026-02-25 16:35:00+00:00,2026-02-25 16:50:00+00:00,16:35,20.350000381469727,19.875,LOSS,-0.023341541649416955,1.570532575639558
WOLF,2026-02-26,2026-02-26 15:15:00+00:00,2026-02-26 15:40:00+00:00,15:15,19.200000762939453,19.639999389648438,WIN,0.0229165942304693,1.536483169560582
WOLF,2026-02-27,2026-02-27 17:10:00+00:00,2026-02-27 20:20:00+00:00,17:10,19.030000686645508,19.440000534057617,WIN,0.02154492026370923,2.6384531820277757
WOLF,2026-03-03,2026-03-03 15:15:00+00:00,2026-03-03 15:30:00+00:00,15:15,19.920000076293945,19.424999237060547,LOSS,-0.024849439625378347,1.4738060016032926
WOLF,2026-03-04,2026-03-04 16:50:00+00:00,2026-03-04 18:45:00+00:00,16:50,20.88990020751953,20.434999465942383,LOSS,-0.02177610888794013,1.2340613029629686
WOLF,2026-03-05,2026-03-05 14:40:00+00:00,2026-03-05 17:45:00+00:00,14:40,19.75,19.190000534057617,LOSS,-0.028354403338854826,2.2670635413086635
WOLF,2026-03-06,2026-03-06 14:45:00+00:00,2026-03-06 15:05:00+00:00,14:45,17.899999618530273,17.530000686645508,LOSS,-0.020670331830719077,1.4827608430447512
WOLF,2026-03-12,2026-03-12 19:25:00+00:00,2026-03-12 19:55:00+00:00,19:25,17.3799991607666,16.920000076293945,LOSS,-0.026467152283358712,1.5127374356459917
WOLF,2026-03-17,2026-03-17 14:30:00+00:00,2026-03-17 16:55:00+00:00,14:30,17.610000610351562,18.03499984741211,WIN,0.024133970603653618,1.2235027515021362
WOLF,2026-04-10,2026-04-10 14:45:00+00:00,2026-04-10 16:00:00+00:00,14:45,23.719999313354492,23.19499969482422,LOSS,-0.022133205469137416,1.2948158780775492
WOLF,2026-04-13,2026-04-13 17:25:00+00:00,2026-04-13 18:15:00+00:00,17:25,23.15999984741211,23.670000076293945,WIN,0.022020735416318372,2.309577631583252
WOLF,2026-04-14,2026-04-14 13:45:00+00:00,2026-04-14 14:00:00+00:00,13:45,23.739999771118164,24.389999389648438,WIN,0.027379933647727166,1.332771753297117
WOLF,2026-04-17,2026-04-17 15:20:00+00:00,2026-04-17 16:15:00+00:00,15:20,25.56999969482422,26.180099487304688,WIN,0.02385998434735855,1.2324782387849686
WOLF,2026-04-20,2026-04-20 15:05:00+00:00,2026-04-20 18:10:00+00:00,15:05,25.209999084472656,25.7549991607666,WIN,0.021618409206116226,1.6355738502888826
WOLF,2026-04-21,2026-04-21 18:25:00+00:00,2026-04-21 19:30:00+00:00,18:25,26.325000762939453,25.579999923706055,LOSS,-0.028300126026291197,3.0447998009413815
WOLF,2026-04-22,2026-04-22 14:20:00+00:00,2026-04-22 14:40:00+00:00,14:20,26.084999084472656,26.768600463867188,WIN,0.026206685964633655,1.782549200253937
WOLF,2026-04-27,2026-04-27 13:35:00+00:00,2026-04-27 13:45:00+00:00,13:35,30.6299991607666,29.450000762939453,LOSS,-0.03852427130780292,1.4681364746973211
WOLF,2026-04-28,2026-04-28 13:50:00+00:00,2026-04-28 14:10:00+00:00,13:50,27.610000610351562,26.989999771118164,LOSS,-0.022455661916970304,1.5891993276484093
WOLF,2026-04-29,2026-04-29 14:00:00+00:00,2026-04-29 14:15:00+00:00,14:00,26.020000457763672,26.600000381469727,WIN,0.022290542409771488,1.8225889875560914
WOLF,2026-05-05,2026-05-05 13:35:00+00:00,2026-05-05 15:15:00+00:00,13:35,37.65999984741211,38.5099983215332,WIN,0.022570326010755502,2.1221814423714567
WOLF,2026-05-08,2026-05-08 15:55:00+00:00,2026-05-08 16:55:00+00:00,15:55,47.19499969482422,46.11000061035156,LOSS,-0.02298970423749459,2.2262561636964198
